1,12th Century
2,13th Century
3,14th Century
4,15th Century
5,16th Century
6,17th Century
7,18th Century
8,19th Century
9,20th Century
10,21st Century
11,Abuse
12,Academia
13,Academic
14,Action
15,Activism
16,Adoption
17,Adult
18,Adult Fiction
19,Adventure
20,Africa
21,African American
22,African Literature
23,Algeria
24,Aliens
25,Alternate History
26,Amazon
27,American
28,American Civil War
29,American Fiction
30,American History
31,American Revolution
32,American Revolutionary War
33,Americana
34,Amish
35,Anarchism
36,Ancient
37,Ancient History
38,Angels
39,Anglo Saxon
40,Animal Fiction
41,Animals
42,Anime
43,Anthologies
44,Anthropology
45,Anthropomorphic
46,Anti Racist
47,Apocalyptic
48,Archaeology
49,Architecture
50,Art
51,Art Design
52,Art History
53,Arthurian
54,Artificial Intelligence
55,Asia
56,Asian Literature
57,Aspergers
58,Astronomy
59,Atheism
60,Audiobook
61,Australia
62,Autobiography
63,Aviation
64,BDSM
65,Bande Dessin?
66,Banks
67,Banned Books
68,Baseball
69,Batman
70,Beauty and The Beast
71,Belgian
72,Belgium
73,Biblical
74,Biblical Fiction
75,Biography
76,Biography Memoir
77,Biology
78,Boarding School
79,Book Club
80,Books About Books
81,Botswana
82,Brain
83,Brazil
84,British Literature
85,Buddhism
86,Buisness
87,Bulgaria
88,Bulgarian Literature
89,Business
90,Canada
91,Canadian Literature
92,Cartoon
93,Catholic
94,Cats
95,Chapter Books
96,Chess
97,Chick Lit
98,Childrens
99,Childrens Classics
100,China
101,Chinese Literature
102,Christian
103,Christian Fantasy
104,Christian Fiction
105,Christian Historical Fiction
106,Christian Living
107,Christian Non Fiction
108,Christian Romance
109,Christianity
110,Christmas
111,Church
112,Cinderella
113,Cities
114,Civil War
115,Classic Literature
116,Classics
117,Clean Romance
118,Collections
119,College
120,Comedy
121,Comic Book
122,Comic Fantasy
123,Comic Strips
124,Comics
125,Comics Manga
126,Coming Of Age
127,Comix
128,Communication
129,Computer Science
130,Conservation
131,Conspiracy Theories
132,Contemporary
133,Contemporary Romance
134,Cooking
135,Counter Culture
136,Counting
137,Cozy Mystery
138,Crafts
139,Crime
140,Criticism
141,Cult Classics
142,Cults
143,Cultural
144,Cyberpunk
145,Cycling
146,Czech Literature
147,Danish
148,Dark
149,Dark Fantasy
150,Dc Comics
151,Death
152,Deception
153,Demons
154,Denmark
155,Design
156,Detective
157,Diary
158,Dinosaurs
159,Disability
160,Discipleship
161,Divorce
162,Doctors
163,Dogs
164,Dragonlance
165,Dragons
166,Drama
167,Drawing
168,Dungeons and Dragons
169,Dutch Literature
170,Dying Earth
171,Dystopia
172,Eastern Philosophy
173,Ecology
174,Economics
175,Education
176,Egypt
177,Egyptian Literature
178,Elves
179,Emotion
180,Engineering
181,English Literature
182,Entrepreneurship
183,Environment
184,Epic
185,Epic Fantasy
186,Erotic Romance
187,Erotica
188,Espionage
189,Essays
190,Ethiopia
191,European History
192,European Literature
193,Evolution
194,Fae
195,Fairies
196,Fairy Tale Retellings
197,Fairy Tales
198,Faith
199,Family
200,Fan Fiction
201,Fandom
202,Fantasy
203,Fantasy Romance
204,Fashion
205,Favorites
206,Feminism
207,Fiction
208,Fighters
209,Film
210,Finance
211,Finnish Literature
212,Fitness
213,Folklore
214,Food
215,Foodie
216,Forgotten Realms
217,Fostering
218,France
219,French Literature
220,French Revolution
221,Futuristic
222,Game Design
223,Games
224,Gaming
225,Gardening
226,Gender
227,Gender Studies
228,Genetics
229,Geography
230,Georgian
231,German Literature
232,Germany
233,Ghana
234,Ghost Stories
235,Ghosts
236,Gods
237,Gothic
238,Graphic Novels
239,Graphic Novels Comics
240,Greece
241,Greek Mythology
242,Guidebook
243,Guides
244,Halloween
245,Hard Boiled
246,Hard Science Fiction
247,Harlequin Teen
248,Health
249,Health Care
250,Heroic Fantasy
251,High Fantasy
252,High School
253,Hinduism
254,Historical
255,Historical Fantasy
256,Historical Fiction
257,Historical Mystery
258,Historical Romance
259,History
260,Hockey
261,Holiday
262,Holocaust
263,Horror
264,Horse Racing
265,Horses
266,How To
267,Hugo Awards
268,Human Development
269,Humor
270,Hungarian Literature
271,Hungary
272,Illness
273,India
274,Indian Literature
275,Indonesian Literature
276,Inspirational
277,Iran
278,Ireland
279,Irish Literature
280,Islam
281,Italian Literature
282,Italy
283,Japan
284,Japanese Literature
285,Jewish
286,Jokes
287,Josei
288,Journal
289,Journalism
290,Judaism
291,Juvenile
292,Kenya
293,Kids
294,Knitting
295,Language
296,Latin American
297,Latin American Literature
298,Law
299,Lds
300,Lds Fiction
301,Lds Non Fiction
302,Leadership
303,Lebanon
304,Legal Thriller
305,Liberia
306,Linguistics
307,Literary Criticism
308,Literary Fiction
309,Literature
310,Logic
311,Love
312,Love Inspired
313,Love Inspired Historical
314,Love Story
315,Lovecraftian
316,M F M
317,M F Romance
318,M M Romance
319,Magic
320,Magical Realism
321,Management
322,Manga
323,Maritime
324,Marriage
325,Martial Arts
326,Mathematics
327,Media Tie In
328,Medical
329,Medicine
330,Medieval
331,Medieval History
332,Medieval Romance
333,Memoir
334,Menage
335,Mental Health
336,Mental Illness
337,Mermaids
338,Metaphysics
339,Middle Grade
340,Military Fiction
341,Military History
342,Military Romance
343,Military Science Fiction
344,Mixed Martial Arts
345,Modern
346,Modern Classics
347,Money
348,Monsters
349,Mormonism
350,Morocco
351,Motorcycle
352,Mountaineering
353,Murder Mystery
354,Music
355,Music Biography
356,Musicians
357,Mystery
358,Mystery Thriller
359,Mysticism
360,Mythology
361,Native American History
362,Native Americans
363,Natural History
364,Nature
365,Neuroscience
366,New Adult
367,New Age
368,New Weird
369,New York
370,Nigeria
371,Nobel Prize
372,Noir
373,Nonfiction
374,Nordic Noir
375,Novella
376,Novels
377,Nutrition
378,Occult
379,Outdoors
380,Own
381,Pakistan
382,Paranormal
383,Paranormal Romance
384,Parenting
385,Personal Development
386,Personal Finance
387,Philosophy
388,Photography
389,Physics
390,Picture Books
391,Pirates
392,Plantagenet
393,Plants
394,Plays
395,Poetry
396,Poetry Plays
397,Poland
398,Police
399,Polish Literature
400,Political Science
401,Politics
402,Polygamy
403,Pop Culture
404,Popular Science
405,Portugal
406,Portuguese Literature
407,Post Apocalyptic
408,Poverty
409,Prayer
410,Prehistoric
411,Presidents
412,Princesses
413,Productivity
414,Programming
415,Prostitution
416,Psychoanalysis
417,Psychological Thriller
418,Psychology
419,Pulp
420,Rabbits
421,Race
422,Read For School
423,Realistic Fiction
424,Reference
425,Regency
426,Regency Romance
427,Relationships
428,Religion
429,Research
430,Retellings
431,Reverse Harem
432,Road Trip
433,Robots
434,Rock N Roll
435,Roman
436,Romance
437,Romanian Literature
438,Romantic
439,Romantic Suspense
440,Romanticism
441,Russia
442,Russian History
443,Russian Literature
444,Rwanda
445,Sao Tome and Principe
446,Satanism
447,Scandinavian Literature
448,School
449,Science
450,Science Fiction
451,Science Fiction Fantasy
452,Science Fiction Romance
453,Scotland
454,Self Help
455,Sequential Art
456,Serbian Literature
457,Sexuality
458,Shapeshifters
459,Shojo
460,Shonen
461,Short Stories
462,Short Story Collection
463,Sierra Leone
464,Skepticism
465,Social
466,Social Issues
467,Social Justice
468,Social Science
469,Society
470,Sociology
471,Somalia
472,South Africa
473,Southern
474,Southern Gothic
475,Space
476,Space Opera
477,Spain
478,Spanish Literature
479,Speculative Fiction
480,Spirituality
481,Sports
482,Sports Romance
483,Spy Thriller
484,Star Wars
485,Steampunk
486,Storytime
487,Sudan
488,Superheroes
489,Superman
490,Supernatural
491,Survival
492,Suspense
493,Sustainability
494,Sweden
495,Swedish Literature
496,Sword and Sorcery
497,Taoism
498,Teaching
499,Technical
500,Technology
501,Teen
502,Textbooks
503,The United States Of America
504,The World
505,Theatre
506,Theology
507,Theory
508,Thriller
509,Time Travel
510,Time Travel Romance
511,Tragedy
512,Transgender
513,Travel
514,Travelogue
515,True Crime
516,True Story
517,Tudor Period
518,Turkish
519,Turkish Literature
520,Ukraine
521,Unfinished
522,Unicorns
523,United States
524,Urban
525,Urban Fantasy
526,Urban Planning
527,Utopia
528,Vampires
529,Vegan
530,Victorian
531,Video Games
532,Virtual Reality
533,Walking
534,War
535,Weird Fiction
536,Werewolves
537,Western Romance
538,Westerns
539,Wicca
540,Wildlife
541,Witches
542,Wizards
543,Wolves
544,Womens
545,Womens Fiction
546,World History
547,World War I
548,World War II
549,Writing
550,Young Readers
551,Zimbabwe
552,Zombies
